{
    "animations" : true,
    "col_1": {
        "icon": "fa fa-exchange",
        "title": "Une Connexion",
        "desc": "Gr\u00e2ce \u00e0 la connexion exceptionnelle dont disposent nos serveurs, plus de latences, \u00e0 vous les parties sans lags !"
    },
    "col_2": {
        "icon": "fa fa-server",
        "title": "Des serveurs",
        "desc": "Bienvenue sur nos nouveaux serveurs sur-puissants ! Gr\u00e2ce \u00e0 leurs core i7 et leurs nouvelles puces r\u00e9seau, \u00e0 vous les parties endiabl\u00e9es sur d'\u00e9normes maps !"
    },
    "col_3": {
        "icon": "fa fa-shield",
        "title": "Un Systeme de Protection",
        "desc": "Nos serveurs disposent des tout derniers syst\u00e8mes anti-cheat. Ne vous souciez plus des cheaters, ils sont tout bonnement \u00e9radiqu\u00e9s !"
    }
}